{
    "display": {
        "title": "Forge a Portal Wand",
        "description": "Drop a Nether Star and an Ender Pearl on a Crying Obsidian",
        "icon": {
            "item": "minecraft:ender_pearl"
        },
        "frame": "challenge",
        "show_toast": true,
        "announce_to_chat": true,
        "hidden": false
    },
    "parent": "minecraft:nether/summon_wither",
    "criteria": {
        "warp_portals_forge_wand": {
            "trigger": "minecraft:impossible"
        }
    }
}
